x1,x2,y
29.0,61.0,28.0
28.0,62.0,28.0
28.0,63.0,28.0
28.0,63.0,28.0
28.0,61.0,28.0
28.0,77.0,28.0
28.0,78.0,28.0
28.0,79.0,28.0
28.0,78.0,28.0
28.0,78.0,28.0
28.0,78.0,28.0
28.0,78.0,28.0
28.0,78.0,28.0
28.0,78.0,28.0
28.0,78.0,28.0
28.0,78.0,28.0
28.0,78.0,28.0
28.0,78.0,28.0
28.0,78.0,28.0
28.0,78.0,28.0
28.0,77.0,28.0
28.0,77.0,28.0
28.0,77.0,28.0
29.0,78.0,28.0
29.0,78.0,28.0
29.0,78.0,28.0
29.0,78.0,28.0
29.0,78.0,28.0
29.0,78.0,28.0
29.0,78.0,28.0
29.0,78.0,28.0
29.0,77.0,28.0
29.0,77.0,28.0
29.0,77.0,28.0
29.0,77.0,28.0
29.0,77.0,28.0
29.0,77.0,28.0
29.0,77.0,28.0
29.0,77.0,28.0
29.0,77.0,28.0
29.0,77.0,28.0
29.0,77.0,28.0
29.0,77.0,28.0
29.0,77.0,28.0
29.0,77.0,28.0
29.0,77.0,28.0
29.0,78.0,28.0
29.0,78.0,28.0
29.0,78.0,28.0
29.0,78.0,28.0
29.0,78.0,28.0
29.0,78.0,28.0
29.0,78.0,28.0
29.0,78.0,28.0
29.0,78.0,28.0
29.0,77.0,28.0
29.0,81.0,28.0
29.0,78.0,28.0
29.0,77.0,28.0
29.0,77.0,28.0
29.0,78.0,28.0
29.0,77.0,28.0
29.0,78.0,28.0
29.0,78.0,28.0
29.0,78.0,28.0
29.0,78.0,28.0
29.0,78.0,28.0
29.0,78.0,28.0
29.0,78.0,28.0
29.0,78.0,28.0
29.0,78.0,28.0
29.0,78.0,28.0
29.0,78.0,28.0
29.0,78.0,28.0
29.0,78.0,28.0
29.0,78.0,28.0
29.0,78.0,28.0
29.0,78.0,28.0
29.0,78.0,28.0
29.0,78.0,28.0
29.0,78.0,28.0
29.0,78.0,28.0
29.0,78.0,28.0
29.0,78.0,28.0
29.0,78.0,28.0
29.0,78.0,28.0
29.0,78.0,28.0
29.0,78.0,28.0
29.0,78.0,28.0
29.0,78.0,28.0
29.0,78.0,28.0
29.0,78.0,28.0
29.0,78.0,28.0
29.0,78.0,28.0
29.0,78.0,28.0
29.0,78.0,28.0
29.0,78.0,28.0
29.0,78.0,28.0
29.0,78.0,28.0
29.0,78.0,28.0
29.0,78.0,28.0
29.0,78.0,28.0
29.0,78.0,28.0
29.0,78.0,28.0
29.0,78.0,28.0
29.0,78.0,28.0
29.0,78.0,28.0
29.0,78.0,28.0
29.0,78.0,28.0
29.0,78.0,28.0
29.0,78.0,28.0
29.0,78.0,28.0
29.0,78.0,28.0
29.0,78.0,28.0
29.0,78.0,28.0
29.0,78.0,28.0
29.0,78.0,28.0
29.0,78.0,28.0
29.0,78.0,28.0
29.0,78.0,28.0
29.0,78.0,28.0
29.0,78.0,28.0
29.0,78.0,28.0
29.0,78.0,28.0
29.0,78.0,28.0
29.0,78.0,28.0
29.0,78.0,28.0
29.0,78.0,28.0
29.0,78.0,28.0
29.0,78.0,28.0
29.0,78.0,28.0
29.0,78.0,28.0
29.0,78.0,28.0
29.0,78.0,28.0
29.0,78.0,28.0
29.0,78.0,28.0
29.0,78.0,28.0
29.0,78.0,28.0
29.0,78.0,28.0
29.0,78.0,28.0
29.0,78.0,28.0
29.0,78.0,28.0
29.0,78.0,28.0
29.0,78.0,28.0
29.0,78.0,28.0
29.0,78.0,28.0
29.0,78.0,28.0
29.0,78.0,28.0
29.0,78.0,28.0
29.0,78.0,28.0
29.0,78.0,28.0
29.0,78.0,28.0
29.0,78.0,28.0
29.0,78.0,28.0
29.0,78.0,28.0
29.0,78.0,28.0
29.0,78.0,28.0
29.0,78.0,28.0
29.0,78.0,28.0
29.0,78.0,28.0
29.0,78.0,28.0
29.0,78.0,28.0
29.0,78.0,28.0
29.0,78.0,28.0
29.0,78.0,28.0
29.0,78.0,28.0
29.0,78.0,28.0
29.0,78.0,28.0
29.0,78.0,28.0
29.0,78.0,28.0
29.0,78.0,28.0
29.0,78.0,28.0
29.0,78.0,28.0
29.0,78.0,28.0
29.0,78.0,28.0
29.0,78.0,28.0
29.0,78.0,28.0
29.0,79.0,28.0
29.0,79.0,28.0
29.0,79.0,28.0
28.0,78.0,28.0
28.0,78.0,28.0
28.0,78.0,28.0
28.0,78.0,28.0
28.0,78.0,28.0
28.0,78.0,28.0
28.0,78.0,28.0
28.0,78.0,28.0
28.0,78.0,28.0
28.0,78.0,28.0
28.0,78.0,28.0
28.0,78.0,28.0
28.0,78.0,28.0
28.0,78.0,28.0
28.0,78.0,28.0
28.0,78.0,28.0
28.0,78.0,28.0
28.0,78.0,28.0
28.0,78.0,28.0
28.0,78.0,28.0
28.0,78.0,28.0
28.0,78.0,28.0
28.0,78.0,28.0
28.0,78.0,28.0
28.0,78.0,28.0
28.0,78.0,28.0
29.0,79.0,28.0
29.0,79.0,28.0
29.0,79.0,28.0
29.0,79.0,28.0
29.0,79.0,28.0
28.0,78.0,28.0
29.0,79.0,28.0
28.0,78.0,28.0
29.0,79.0,28.0
29.0,79.0,28.0
29.0,79.0,28.0
29.0,79.0,28.0
29.0,79.0,28.0
29.0,79.0,28.0
29.0,79.0,28.0
29.0,79.0,28.0
29.0,79.0,28.0
29.0,79.0,28.0
29.0,79.0,28.0
29.0,79.0,28.0
29.0,79.0,28.0
29.0,79.0,28.0
29.0,79.0,28.0
28.0,78.0,28.0
29.0,79.0,28.0
28.0,78.0,28.0
28.0,78.0,28.0
28.0,78.0,28.0
28.0,78.0,28.0
28.0,78.0,28.0
28.0,78.0,28.0
28.0,78.0,28.0
28.0,78.0,28.0
28.0,78.0,28.0
28.0,78.0,28.0
28.0,78.0,28.0
28.0,78.0,28.0
28.0,78.0,28.0
28.0,78.0,28.0
28.0,78.0,28.0
28.0,78.0,28.0
28.0,78.0,28.0
28.0,78.0,28.0
28.0,78.0,28.0
28.0,78.0,28.0
28.0,79.0,28.0
28.0,79.0,28.0
28.0,79.0,28.0
28.0,79.0,28.0
28.0,79.0,28.0
28.0,79.0,28.0
28.0,79.0,28.0
28.0,79.0,28.0
28.0,79.0,28.0
28.0,79.0,28.0
28.0,79.0,28.0
28.0,79.0,28.0
28.0,79.0,28.0
28.0,79.0,28.0
28.0,79.0,28.0
28.0,79.0,28.0
28.0,79.0,28.0
28.0,79.0,28.0
28.0,79.0,28.0
28.0,79.0,28.0
28.0,79.0,28.0
28.0,79.0,28.0
28.0,79.0,28.0
28.0,79.0,28.0
28.0,79.0,28.0
28.0,79.0,28.0
28.0,79.0,28.0
28.0,79.0,28.0
28.0,79.0,28.0
28.0,79.0,28.0
28.0,79.0,28.0
28.0,79.0,28.0
28.0,79.0,28.0
28.0,79.0,28.0
28.0,79.0,28.0
28.0,80.0,28.0
28.0,80.0,28.0
28.0,80.0,28.0
28.0,80.0,28.0
28.0,80.0,28.0
28.0,80.0,28.0
28.0,80.0,28.0
28.0,80.0,28.0
28.0,80.0,28.0
28.0,80.0,28.0
28.0,80.0,28.0
28.0,80.0,28.0
28.0,80.0,28.0
28.0,80.0,28.0
28.0,80.0,28.0
28.0,80.0,28.0
28.0,80.0,28.0
28.0,80.0,28.0
28.0,80.0,28.0
28.0,80.0,28.0
28.0,80.0,28.0
28.0,80.0,28.0
28.0,80.0,28.0
28.0,80.0,28.0
28.0,80.0,28.0
28.0,80.0,28.0
28.0,81.0,28.0
28.0,80.0,28.0
28.0,80.0,28.0
28.0,80.0,28.0
28.0,80.0,28.0
28.0,80.0,28.0
28.0,84.0,28.0
28.0,80.0,28.0
28.0,80.0,28.0
28.0,84.0,28.0
28.0,80.0,28.0
28.0,80.0,28.0
28.0,80.0,28.0
28.0,81.0,28.0
28.0,84.0,28.0
28.0,80.0,28.0
28.0,80.0,28.0
28.0,80.0,28.0
28.0,81.0,28.0
28.0,81.0,28.0
28.0,81.0,28.0
28.0,81.0,28.0
28.0,81.0,28.0
28.0,81.0,28.0
28.0,81.0,28.0
28.0,81.0,28.0
28.0,81.0,28.0
28.0,84.0,28.0
28.0,81.0,28.0
28.0,81.0,28.0
28.0,81.0,28.0
28.0,81.0,28.0
28.0,81.0,28.0
28.0,81.0,28.0
28.0,81.0,28.0
28.0,81.0,28.0
28.0,81.0,28.0
28.0,81.0,28.0
28.0,81.0,28.0
28.0,81.0,28.0
28.0,81.0,28.0
28.0,81.0,28.0
28.0,81.0,28.0
28.0,81.0,28.0
28.0,81.0,28.0
28.0,81.0,28.0
28.0,81.0,28.0
28.0,81.0,28.0
28.0,81.0,28.0
28.0,82.0,28.0
28.0,82.0,28.0
28.0,81.0,28.0
28.0,81.0,28.0
28.0,81.0,28.0
28.0,81.0,28.0
28.0,82.0,28.0
28.0,81.0,28.0
28.0,81.0,28.0
28.0,81.0,28.0
28.0,82.0,28.0
28.0,82.0,28.0
28.0,82.0,28.0
28.0,82.0,28.0
28.0,82.0,28.0
28.0,82.0,28.0
28.0,82.0,28.0
28.0,82.0,28.0
28.0,82.0,28.0
28.0,82.0,28.0
28.0,82.0,28.0
28.0,82.0,28.0
28.0,82.0,28.0
28.0,82.0,28.0
28.0,82.0,28.0
28.0,82.0,28.0
28.0,82.0,28.0
28.0,82.0,28.0
28.0,82.0,28.0
28.0,82.0,28.0
28.0,82.0,28.0
28.0,82.0,28.0
28.0,82.0,28.0
28.0,82.0,28.0
28.0,82.0,28.0
28.0,82.0,28.0
28.0,82.0,28.0
28.0,82.0,28.0
28.0,82.0,28.0
28.0,82.0,28.0
28.0,82.0,28.0
28.0,82.0,28.0
28.0,82.0,28.0
28.0,82.0,28.0
28.0,82.0,28.0
28.0,82.0,28.0
28.0,82.0,28.0
28.0,82.0,28.0
28.0,82.0,28.0
28.0,82.0,28.0
28.0,82.0,28.0
28.0,82.0,28.0
28.0,82.0,28.0
28.0,82.0,28.0
28.0,82.0,28.0
28.0,82.0,28.0
28.0,82.0,28.0
28.0,82.0,28.0
28.0,82.0,28.0
28.0,82.0,28.0
28.0,82.0,28.0
28.0,82.0,28.0
28.0,82.0,28.0
28.0,82.0,28.0
28.0,82.0,28.0
28.0,82.0,28.0
28.0,83.0,28.0
28.0,83.0,28.0
28.0,83.0,28.0
28.0,83.0,28.0
28.0,83.0,28.0
28.0,83.0,28.0
28.0,83.0,28.0
28.0,83.0,28.0
28.0,83.0,28.0
28.0,83.0,28.0
28.0,83.0,28.0
28.0,83.0,28.0
28.0,82.0,28.0
28.0,83.0,28.0
28.0,83.0,28.0
28.0,83.0,28.0
28.0,83.0,28.0
28.0,83.0,28.0
28.0,83.0,28.0
28.0,83.0,28.0
28.0,83.0,28.0
28.0,83.0,28.0
28.0,83.0,28.0
28.0,83.0,28.0
28.0,83.0,28.0
28.0,83.0,28.0
28.0,83.0,28.0
28.0,83.0,28.0
28.0,83.0,28.0
28.0,83.0,28.0
28.0,83.0,28.0
28.0,83.0,28.0
28.0,83.0,28.0
28.0,83.0,28.0
28.0,83.0,28.0
28.0,83.0,28.0
28.0,83.0,28.0
28.0,83.0,28.0
28.0,83.0,28.0
28.0,83.0,28.0
28.0,83.0,28.0
28.0,83.0,28.0
28.0,83.0,28.0
28.0,83.0,28.0
28.0,83.0,28.0
28.0,83.0,28.0
28.0,83.0,28.0
28.0,83.0,28.0
28.0,83.0,28.0
28.0,83.0,28.0
28.0,83.0,28.0
28.0,83.0,28.0
28.0,83.0,28.0
28.0,83.0,28.0
28.0,83.0,28.0
28.0,83.0,28.0
28.0,83.0,28.0
28.0,83.0,28.0
28.0,83.0,28.0
28.0,83.0,28.0
28.0,83.0,28.0
28.0,83.0,28.0
28.0,83.0,28.0
28.0,83.0,28.0
28.0,83.0,28.0
28.0,83.0,28.0
28.0,83.0,28.0
28.0,83.0,28.0
28.0,83.0,28.0
28.0,83.0,28.0
28.0,83.0,28.0
28.0,83.0,28.0
28.0,83.0,28.0
28.0,83.0,28.0
28.0,83.0,28.0
28.0,83.0,28.0
28.0,83.0,28.0
28.0,83.0,28.0
28.0,83.0,28.0
28.0,83.0,28.0
28.0,83.0,28.0
28.0,83.0,28.0
28.0,83.0,28.0
28.0,83.0,28.0
28.0,83.0,28.0
28.0,83.0,28.0
28.0,83.0,28.0
28.0,83.0,28.0
28.0,83.0,28.0
28.0,83.0,28.0
28.0,83.0,28.0
28.0,83.0,28.0
28.0,83.0,28.0
28.0,83.0,28.0
28.0,83.0,28.0
28.0,83.0,28.0
28.0,83.0,28.0
28.0,83.0,28.0
28.0,83.0,28.0
28.0,83.0,28.0
28.0,83.0,28.0
28.0,83.0,28.0
28.0,83.0,28.0
28.0,83.0,28.0
28.0,83.0,28.0
28.0,83.0,28.0
28.0,83.0,28.0
28.0,83.0,28.0
28.0,83.0,28.0
28.0,83.0,28.0
28.0,83.0,28.0
28.0,83.0,28.0
28.0,83.0,28.0
28.0,83.0,28.0
28.0,83.0,28.0
28.0,83.0,28.0
28.0,83.0,28.0
28.0,83.0,28.0
28.0,83.0,28.0
28.0,83.0,28.0
28.0,83.0,28.0
28.0,83.0,28.0
28.0,83.0,28.0
28.0,83.0,28.0
28.0,83.0,28.0
28.0,83.0,28.0
28.0,83.0,28.0
28.0,83.0,28.0
28.0,83.0,28.0
28.0,83.0,28.0
28.0,83.0,28.0
28.0,83.0,28.0
28.0,84.0,28.0
28.0,84.0,28.0
28.0,84.0,28.0
28.0,84.0,28.0
28.0,84.0,28.0
28.0,84.0,28.0
28.0,84.0,28.0
28.0,84.0,28.0
28.0,84.0,28.0
28.0,84.0,28.0
28.0,84.0,28.0
28.0,83.0,28.0
28.0,83.0,28.0
28.0,83.0,28.0
28.0,83.0,28.0
28.0,83.0,28.0
28.0,83.0,28.0
28.0,83.0,28.0
28.0,83.0,28.0
28.0,83.0,28.5
28.0,83.0,28.5
28.0,83.0,28.5
28.0,83.0,28.5
28.0,83.0,28.5
28.0,83.0,28.5
28.0,83.0,28.5
28.0,83.0,28.5
28.0,83.0,28.5
28.0,83.0,29.0
28.0,83.0,29.0
28.0,83.0,29.0
28.0,83.0,29.0
28.0,83.0,29.0
28.0,83.0,29.0
28.0,83.0,29.0
28.0,83.0,29.0
28.0,83.0,29.0
28.0,83.0,29.0
28.0,83.0,29.0
28.0,83.0,29.0
28.0,83.0,29.0
28.0,83.0,29.0
28.0,83.0,29.0
28.0,83.0,29.0
28.0,83.0,29.0
28.0,83.0,29.0
28.0,83.0,29.0
28.0,83.0,29.0
28.0,83.0,29.0
28.0,83.0,29.0
28.0,83.0,29.0
28.0,83.0,29.0
28.0,83.0,29.0
28.0,83.0,29.0
28.0,83.0,29.0
28.0,83.0,29.0
28.0,83.0,29.0
28.0,83.0,29.0
28.0,83.0,29.0
28.0,83.0,29.0
28.0,83.0,29.0
28.0,83.0,29.0
28.0,83.0,29.0
28.0,83.0,29.0
28.0,83.0,29.0
28.0,83.0,29.0
28.0,84.0,29.0
28.0,83.0,29.0
28.0,83.0,29.0
28.0,83.0,29.0
28.0,84.0,29.0
28.0,84.0,29.0
28.0,84.0,29.0
28.0,84.0,29.0
28.0,84.0,29.0
28.0,84.0,29.0
28.0,84.0,29.0
28.0,84.0,29.0
28.0,84.0,29.0
28.0,83.0,29.0
28.0,84.0,29.0
28.0,84.0,29.0
28.0,84.0,29.0
28.0,84.0,29.0
28.0,84.0,29.0
28.0,84.0,29.0
28.0,84.0,29.0
28.0,84.0,29.0
28.0,84.0,29.0
28.0,84.0,29.0
28.0,84.0,29.0
28.0,84.0,29.0
28.0,84.0,29.0
28.0,84.0,29.0
28.0,84.0,29.0
28.0,84.0,29.0
28.0,84.0,29.0
28.0,84.0,29.0
28.0,84.0,29.0
28.0,84.0,29.0
28.0,84.0,29.0
28.0,84.0,29.0
28.0,84.0,29.0
28.0,84.0,29.0
28.0,84.0,29.0
28.0,84.0,29.0
28.0,84.0,29.0
28.0,84.0,29.0
28.0,84.0,29.0
28.0,84.0,29.0
28.0,84.0,29.0
28.0,84.0,29.0
28.0,84.0,29.0
28.0,84.0,29.0
28.0,84.0,29.0
28.0,84.0,29.0
28.0,84.0,29.0
28.0,84.0,29.0
28.0,84.0,29.0
28.0,84.0,29.0
28.0,84.0,29.0
28.0,84.0,29.0
28.0,84.0,29.0
28.0,84.0,29.0
28.0,84.0,29.0
28.0,84.0,29.0
28.0,84.0,29.0
28.0,84.0,29.0
28.0,84.0,29.0
28.0,84.0,29.0
28.0,84.0,29.0
28.0,83.0,29.0
28.0,83.0,29.0
28.0,84.0,29.0
28.0,84.0,29.0
28.0,84.0,29.0
28.0,84.0,29.0
28.0,84.0,29.0
28.0,84.0,29.0
28.0,84.0,29.0
28.0,84.0,29.0
28.0,84.0,29.0
28.0,84.0,29.0
28.0,84.0,29.0
28.0,83.0,29.0
28.0,83.0,29.0
28.0,83.0,29.0
28.0,83.0,29.0
28.0,83.0,29.0
28.0,83.0,29.0
28.0,83.0,29.0
28.0,83.0,29.0
28.0,83.0,29.0
28.0,83.0,29.0
28.0,83.0,29.0
28.0,83.0,29.0
28.0,83.0,29.0
28.0,83.0,29.0
28.0,84.0,29.0
28.0,83.0,29.0
28.0,83.0,29.0
28.0,83.0,29.0
28.0,83.0,29.0
28.0,83.0,29.0
28.0,84.0,29.0
28.0,84.0,29.0
28.0,83.0,29.0
28.0,83.0,29.0
28.0,84.0,29.0
28.0,84.0,29.0
28.0,84.0,29.0
28.0,84.0,29.0
28.0,84.0,29.0
28.0,84.0,29.0
28.0,84.0,29.0
28.0,84.0,29.0
28.0,84.0,29.0
28.0,84.0,29.0
28.0,84.0,29.0
28.0,84.0,29.0
28.0,84.0,29.0
28.0,84.0,29.0
28.0,84.0,29.0
28.0,84.0,29.0
28.0,84.0,29.0
28.0,84.0,29.0
28.0,84.0,29.0
28.0,84.0,29.0
28.0,84.0,29.0
28.0,84.0,29.0
28.0,84.0,29.0
28.0,84.0,29.0
28.0,84.0,29.0
28.0,84.0,29.0
28.0,84.0,29.0
28.0,84.0,29.0
28.0,84.0,29.0
28.0,84.0,29.0
28.0,84.0,29.0
28.0,84.0,29.0
28.0,84.0,29.0
28.0,84.0,29.0
28.0,84.0,29.0
28.0,84.0,29.0
28.0,84.0,29.0
28.0,84.0,29.0
28.0,84.0,29.0
28.0,84.0,29.0
28.0,84.0,29.0
28.0,84.0,29.0
28.0,84.0,29.0
28.0,84.0,29.0
28.0,84.0,29.0
28.0,84.0,29.0
28.0,84.0,29.0
28.0,84.0,29.0
28.0,84.0,29.0
28.0,84.0,29.0
28.0,84.0,29.0
28.0,84.0,29.0
28.0,84.0,29.0
28.0,84.0,29.0
28.0,84.0,29.0
28.0,84.0,29.0
28.0,84.0,29.0
28.0,84.0,29.0
28.0,84.0,29.0
28.0,84.0,29.0
28.0,84.0,29.0
28.0,84.0,29.0
28.0,84.0,29.0
28.0,84.0,29.0
28.0,84.0,29.0
28.0,84.0,29.0
28.0,84.0,29.0
28.0,85.0,29.0
28.0,85.0,29.0
28.0,85.0,29.0
28.0,85.0,29.0
28.0,85.0,29.0
28.0,85.0,29.0
28.0,85.0,29.0
28.0,85.0,29.0
28.0,85.0,29.0
28.0,85.0,29.0
28.0,85.0,29.0
28.0,85.0,29.0
28.0,85.0,29.0
28.0,85.0,29.0
28.0,85.0,29.0
28.0,85.0,29.0
28.0,85.0,29.0
28.0,85.0,29.0
28.0,85.0,29.0
28.0,85.0,29.0
28.0,85.0,29.0
28.0,85.0,29.0
28.0,85.0,29.0
28.0,85.0,29.0
28.0,85.0,29.0
28.0,85.0,29.0
28.0,85.0,29.0
28.0,85.0,29.0
28.0,85.0,29.0
28.0,85.0,29.0
28.0,85.0,29.0
28.0,85.0,29.0
28.0,85.0,29.0
28.0,85.0,29.0
28.0,85.0,29.0
28.0,85.0,29.0
28.0,85.0,29.0
28.0,85.0,28.5
28.0,85.0,28.5
28.0,84.0,28.5
28.0,85.0,28.5
28.0,88.0,28.5
28.0,85.0,28.5
28.0,85.0,28.5
28.0,85.0,28.5
28.0,85.0,28.0
28.0,85.0,28.5
28.0,85.0,29.0
28.0,85.0,28.5
28.0,85.0,28.0
28.0,85.0,28.0
28.0,85.0,28.0
28.0,85.0,28.0
28.0,85.0,28.0
28.0,85.0,28.0
28.0,85.0,28.0
28.0,84.0,28.0
28.0,84.0,28.5
28.0,84.0,29.0
28.0,84.0,29.0
28.0,85.0,29.0
28.0,85.0,29.0
28.0,85.0,29.0
28.0,85.0,28.5
28.0,85.0,28.5
28.0,85.0,28.5
28.0,85.0,28.5
28.0,85.0,28.5
28.0,85.0,28.5
28.0,85.0,28.5
28.0,85.0,28.5
28.0,84.0,28.5
28.0,84.0,28.5
28.0,84.0,28.5
28.0,84.0,28.5
28.0,84.0,28.0
28.0,84.0,28.0
28.0,84.0,28.0
28.0,84.0,28.0
28.0,84.0,28.0
28.0,84.0,28.0
28.0,85.0,28.0
28.0,85.0,28.0
28.0,85.0,28.0
28.0,85.0,28.0
28.0,85.0,28.0
28.0,85.0,28.0
28.0,85.0,28.0
28.0,85.0,28.0
28.0,85.0,28.0
28.0,85.0,28.0
28.0,85.0,28.0
28.0,85.0,28.0
28.0,85.0,28.0
28.0,85.0,28.0
28.0,89.0,28.0
28.0,85.0,28.0
28.0,85.0,28.0
28.0,85.0,28.0
28.0,85.0,28.0
28.0,84.0,28.0
28.0,88.0,28.0
28.0,84.0,28.0
28.0,84.0,28.0
28.0,84.0,28.0
28.0,84.0,28.0
28.0,84.0,28.0
28.0,85.0,28.0
28.0,85.0,28.0
28.0,85.0,28.0
28.0,85.0,28.0
28.0,84.0,28.0
28.0,84.0,28.0
28.0,84.0,28.0
28.0,84.0,28.0
28.0,85.0,28.0
28.0,85.0,28.0
28.0,85.0,28.0
28.0,85.0,28.0
28.0,85.0,28.0
28.0,85.0,28.0
28.0,85.0,28.0
28.0,85.0,28.0
28.0,85.0,28.0
28.0,85.0,28.0
28.0,85.0,28.0
28.0,85.0,28.0
28.0,85.0,28.0
28.0,85.0,28.0
28.0,85.0,28.0
28.0,85.0,28.0
28.0,85.0,28.0
28.0,85.0,28.0
28.0,85.0,28.0
28.0,85.0,28.0
28.0,85.0,28.0
28.0,84.0,28.0
28.0,85.0,28.0
28.0,85.0,28.0
28.0,85.0,28.0
28.0,85.0,28.0
28.0,85.0,28.0
28.0,85.0,28.0
28.0,85.0,28.0
28.0,85.0,28.0
28.0,85.0,28.0
28.0,89.0,28.0
28.0,85.0,28.0
28.0,85.0,28.0
28.0,85.0,28.0
28.0,85.0,28.0
28.0,85.0,28.0
28.0,84.0,28.0
28.0,84.0,28.0
28.0,84.0,28.0
28.0,84.0,28.0
28.0,84.0,28.0
28.0,84.0,28.0
28.0,84.0,28.0
28.0,84.0,28.0
28.0,84.0,28.0
28.0,84.0,28.0
28.0,84.0,28.0
28.0,84.0,28.0
28.0,84.0,28.0
28.0,84.0,28.0
28.0,85.0,28.0
28.0,85.0,28.0
28.0,85.0,28.0
28.0,85.0,28.0
28.0,85.0,28.0
28.0,85.0,28.0
28.0,85.0,28.0
28.0,85.0,28.0
28.0,85.0,28.0
28.0,85.0,28.0
28.0,85.0,28.0
28.0,85.0,28.0
28.0,85.0,28.0
28.0,85.0,28.0
28.0,85.0,28.0
28.0,85.0,28.0
28.0,85.0,28.0
28.0,84.0,28.0
28.0,84.0,28.0
28.0,85.0,28.0
28.0,85.0,28.0
28.0,84.0,28.0
28.0,84.0,28.0
28.0,84.0,28.0
28.0,84.0,28.0
28.0,84.0,28.0
28.0,84.0,28.0
28.0,84.0,28.0
28.0,84.0,28.0
28.0,84.0,28.0
28.0,84.0,28.0
28.0,84.0,28.0
28.0,84.0,28.0
28.0,84.0,28.0
28.0,84.0,28.0
28.0,84.0,28.0
28.0,84.0,28.0
28.0,84.0,28.0
28.0,84.0,28.0
28.0,85.0,28.0
28.0,85.0,28.0
28.0,85.0,28.0
28.0,85.0,28.0
28.0,85.0,28.0
28.0,85.0,28.0
28.0,89.0,28.0
28.0,85.0,28.0
28.0,85.0,28.0
28.0,85.0,28.0
28.0,85.0,28.0
28.0,85.0,28.0
28.0,85.0,28.0
28.0,85.0,28.0
28.0,85.0,28.0
28.0,85.0,28.0
28.0,85.0,28.0
28.0,85.0,28.0
28.0,85.0,28.0
28.0,85.0,28.0
28.0,85.0,28.0
28.0,85.0,28.0
28.0,85.0,28.0
28.0,85.0,28.0
28.0,84.0,28.0
28.0,84.0,28.0
28.0,85.0,28.0
28.0,85.0,28.0
28.0,71.0,28.0
28.0,70.0,28.0
28.0,80.0,28.0
28.0,83.0,28.0
28.0,83.0,28.0
28.0,83.0,28.0
28.0,83.0,27.5
28.0,83.0,27.5
28.0,83.0,27.5
28.0,83.0,27.0
28.0,82.0,27.0
28.0,82.0,27.0
28.0,82.0,27.0
28.0,81.0,27.0
29.0,82.0,27.0
29.0,82.0,27.0
29.0,82.0,27.0
29.0,81.0,27.0
29.0,81.0,27.0
29.0,81.0,27.0
29.0,81.0,27.0
29.0,81.0,27.5
29.0,81.0,27.5
29.0,81.0,27.5
29.0,81.0,27.5
29.0,81.0,27.5
29.0,81.0,27.5
29.0,81.0,27.5
29.0,81.0,27.5
29.0,81.0,27.5
29.0,81.0,27.5
29.0,81.0,27.5
29.0,81.0,27.5
29.0,81.0,27.5
29.0,81.0,27.5
29.0,81.0,27.5
29.0,81.0,27.5
29.0,81.0,27.5
29.0,81.0,27.5
29.0,81.0,27.5
29.0,81.0,27.5
29.0,81.0,27.5
29.0,81.0,27.5
29.0,81.0,27.5
29.0,81.0,27.5
29.0,81.0,27.5
29.0,81.0,27.5
29.0,81.0,27.5
29.0,81.0,27.5
29.0,81.0,27.5
29.0,81.0,27.5
29.0,81.0,27.5
29.0,81.0,27.5
29.0,81.0,27.5
29.0,81.0,27.5
29.0,81.0,27.5
29.0,81.0,27.5
29.0,81.0,27.5
29.0,81.0,27.5
29.0,81.0,27.5
29.0,81.0,27.5
29.0,81.0,27.5
29.0,81.0,27.5
29.0,81.0,27.5
29.0,81.0,27.5
29.0,81.0,27.5
29.0,81.0,27.5
29.0,81.0,27.5
29.0,81.0,27.5
29.0,81.0,27.5
29.0,81.0,27.5
29.0,81.0,27.5
29.0,81.0,27.5
29.0,81.0,27.5
29.0,81.0,27.5
29.0,81.0,27.5
29.0,81.0,27.5
29.0,81.0,27.5
29.0,81.0,27.5
29.0,81.0,27.5
29.0,81.0,27.5
29.0,81.0,27.5
29.0,81.0,27.5
29.0,81.0,27.5
29.0,81.0,27.5
29.0,81.0,27.5
29.0,81.0,27.5
29.0,81.0,27.5
29.0,81.0,27.5
29.0,81.0,27.5
29.0,81.0,27.5
29.0,81.0,27.5
29.0,81.0,27.5
29.0,81.0,27.5
29.0,82.0,27.5
29.0,81.0,28.5
29.0,81.0,29.0
29.0,82.0,29.0
29.0,82.0,29.0
29.0,81.0,29.0
29.0,81.0,29.0
29.0,81.0,29.0
29.0,81.0,28.0
29.0,81.0,28.0
29.0,81.0,28.0
29.0,81.0,28.0
29.0,81.0,28.0
29.0,81.0,28.0
29.0,81.0,28.0
29.0,81.0,28.0
29.0,81.0,28.0
29.0,81.0,28.0
29.0,81.0,28.0
29.0,81.0,28.0
29.0,81.0,28.0
29.0,81.0,28.0
29.0,81.0,28.0
29.0,81.0,28.0
29.0,82.0,28.0
29.0,82.0,28.0
29.0,82.0,28.0
29.0,82.0,28.0
29.0,82.0,28.0
29.0,82.0,28.0
29.0,82.0,28.0
29.0,82.0,28.0
29.0,82.0,28.0
29.0,82.0,28.0
29.0,82.0,28.0
29.0,82.0,28.0
29.0,82.0,28.0
29.0,82.0,28.0
29.0,82.0,28.0
29.0,82.0,28.0
29.0,82.0,28.0
29.0,82.0,28.0
29.0,82.0,28.0
29.0,82.0,28.0
29.0,82.0,28.0
29.0,82.0,28.0
28.0,81.0,28.0
29.0,85.0,28.0
29.0,82.0,28.0
28.0,81.0,28.0
28.0,81.0,28.0
29.0,82.0,28.0
28.0,81.0,28.0
29.0,82.0,28.0
28.0,81.0,28.0
29.0,82.0,28.0
28.0,81.0,28.0
28.0,81.0,28.0
29.0,82.0,28.0
29.0,82.0,28.0
28.0,81.0,28.0
28.0,81.0,28.0
28.0,81.0,28.0
28.0,81.0,28.0
28.0,81.0,28.0
28.0,81.0,28.0
28.0,81.0,28.0
28.0,81.0,28.0
28.0,81.0,28.0
29.0,82.0,28.0
29.0,82.0,28.0
29.0,82.0,28.0
29.0,82.0,28.0
29.0,82.0,28.0
28.0,81.0,28.0
28.0,81.0,28.0
28.0,81.0,28.0
28.0,81.0,28.0
28.0,81.0,28.0
28.0,81.0,28.0
28.0,81.0,28.0
28.0,81.0,28.0
28.0,81.0,28.0
28.0,81.0,28.0
28.0,81.0,28.0
28.0,81.0,28.0
28.0,81.0,28.0
28.0,81.0,28.0
28.0,81.0,28.0
28.0,82.0,28.0
28.0,81.0,28.0
28.0,81.0,28.0
28.0,81.0,28.0
28.0,81.0,28.0
28.0,81.0,28.0
28.0,81.0,28.0
28.0,81.0,28.0
28.0,82.0,28.0
28.0,81.0,28.0
28.0,81.0,28.0
28.0,81.0,28.0
28.0,81.0,28.0
28.0,81.0,28.0
28.0,82.0,28.0
28.0,82.0,28.0
28.0,82.0,28.0
28.0,81.0,28.0
28.0,81.0,28.0
28.0,81.0,28.0
28.0,81.0,28.0
28.0,82.0,28.0
28.0,82.0,28.0
28.0,82.0,28.0
28.0,82.0,28.0
28.0,82.0,28.0
28.0,82.0,28.0
28.0,81.0,28.0
28.0,81.0,28.0
28.0,81.0,28.0
28.0,82.0,28.0
28.0,82.0,28.0
28.0,82.0,28.0
28.0,82.0,28.0
28.0,82.0,28.0
28.0,82.0,28.0
28.0,82.0,28.0
28.0,82.0,28.0
28.0,82.0,28.0
28.0,82.0,28.0
28.0,82.0,28.0
28.0,82.0,28.0
28.0,82.0,28.0
28.0,82.0,28.0
28.0,82.0,28.0
28.0,82.0,28.0
28.0,82.0,28.0
28.0,82.0,28.0
28.0,82.0,28.0
28.0,82.0,28.0
28.0,82.0,28.0
28.0,82.0,28.0
28.0,82.0,28.0
28.0,82.0,28.0
28.0,82.0,28.0
28.0,82.0,28.0
28.0,82.0,28.0
28.0,82.0,28.0
28.0,82.0,28.0
28.0,82.0,28.0
28.0,82.0,28.0
28.0,82.0,28.0
28.0,82.0,28.0
28.0,82.0,28.0
28.0,82.0,28.0
28.0,82.0,28.0
28.0,82.0,28.0
28.0,82.0,28.0
28.0,82.0,28.0
28.0,82.0,28.0
28.0,82.0,28.0
28.0,82.0,28.0
28.0,82.0,28.0
28.0,82.0,28.0
28.0,82.0,28.0
28.0,82.0,28.0
28.0,82.0,28.0
28.0,82.0,28.0
28.0,82.0,28.0
28.0,82.0,28.0
28.0,82.0,28.0
28.0,82.0,28.0
28.0,82.0,28.0
28.0,82.0,28.0
28.0,82.0,28.0
28.0,82.0,28.0
28.0,82.0,28.0
28.0,82.0,28.0
28.0,82.0,28.0
28.0,82.0,28.0
28.0,82.0,28.0
28.0,82.0,28.0
28.0,82.0,28.0
28.0,82.0,28.0
28.0,82.0,28.0
28.0,82.0,28.0
28.0,82.0,28.0
28.0,82.0,28.0
28.0,82.0,28.0
28.0,82.0,28.0
28.0,82.0,28.0
28.0,82.0,28.0
28.0,82.0,28.0
28.0,82.0,28.0
28.0,82.0,28.0
28.0,82.0,28.0
28.0,82.0,28.0
28.0,82.0,28.0
28.0,82.0,28.0
28.0,82.0,28.0
28.0,82.0,28.0
28.0,82.0,28.0
28.0,82.0,28.0
28.0,82.0,28.0
28.0,82.0,28.0
28.0,82.0,28.0
28.0,82.0,28.0
28.0,82.0,28.0
28.0,82.0,28.0
28.0,82.0,28.0
28.0,82.0,28.0
28.0,82.0,28.0
28.0,82.0,28.0
28.0,82.0,28.0
28.0,82.0,28.0
28.0,82.0,28.0
28.0,82.0,28.0
28.0,82.0,28.0
28.0,82.0,28.0
28.0,82.0,28.0
28.0,82.0,28.0
28.0,82.0,28.0
28.0,82.0,28.0
28.0,82.0,28.0
28.0,82.0,28.0
28.0,82.0,28.0
28.0,82.0,28.0
28.0,82.0,28.0
28.0,82.0,28.0
28.0,81.0,28.0
28.0,83.0,28.0
28.0,83.0,28.0
28.0,84.0,28.0
28.0,84.0,28.0
28.0,84.0,28.0
28.0,84.0,28.0
28.0,84.0,28.0
28.0,84.0,28.0
28.0,85.0,28.0
28.0,85.0,28.0
28.0,85.0,28.0
28.0,85.0,28.0
28.0,85.0,28.0
28.0,85.0,28.0
28.0,85.0,28.0
28.0,86.0,28.0
28.0,86.0,28.0
27.0,85.0,28.0
27.0,85.0,28.0
27.0,85.0,28.0
27.0,85.0,28.0
27.0,85.0,28.0
27.0,86.0,28.0
27.0,86.0,28.0
27.0,86.0,28.0
27.0,86.0,28.0
27.0,86.0,28.0
27.0,86.0,28.0
27.0,86.0,28.0
27.0,86.0,28.0
27.0,86.0,28.0
27.0,86.0,28.0
27.0,86.0,28.0
27.0,86.0,28.0
27.0,86.0,28.0
27.0,86.0,28.0
27.0,86.0,28.0
27.0,86.0,28.0
27.0,86.0,28.0
27.0,86.0,28.0
27.0,86.0,28.0
27.0,86.0,28.0
27.0,87.0,28.0
27.0,87.0,28.0
27.0,86.0,28.0
27.0,87.0,28.0
27.0,87.0,28.0
27.0,87.0,28.0
27.0,87.0,28.0
27.0,87.0,28.0
27.0,87.0,28.0
27.0,87.0,28.0
27.0,87.0,28.0
27.0,87.0,28.0
27.0,87.0,28.0
27.0,87.0,28.0
27.0,87.0,28.0
27.0,87.0,28.0
27.0,87.0,28.0
27.0,87.0,28.0
27.0,87.0,28.0
27.0,87.0,28.0
27.0,87.0,28.0
27.0,87.0,28.0
27.0,87.0,28.0
27.0,87.0,28.0
27.0,87.0,28.0
27.0,87.0,28.0
27.0,87.0,28.0
27.0,87.0,28.0
27.0,87.0,28.0
27.0,87.0,28.0
27.0,77.0,28.0
28.0,64.0,27.0
29.0,59.0,27.0
29.0,57.0,27.0
29.0,57.0,27.0
29.0,57.0,27.0
29.0,57.0,27.0
29.0,57.0,27.0
29.0,59.0,27.0
29.0,61.0,27.0
29.0,80.0,27.0
29.0,81.0,27.0
29.0,81.0,27.5
29.0,81.0,28.0
29.0,82.0,28.0
28.0,81.0,27.5
28.0,81.0,27.0
28.0,82.0,27.0
28.0,82.0,27.0
28.0,82.0,27.0
28.0,83.0,27.0
28.0,83.0,27.0
28.0,83.0,27.0
28.0,83.0,27.0
28.0,83.0,27.0
28.0,83.0,27.0
28.0,83.0,27.0
28.0,83.0,27.0
28.0,83.0,27.0
28.0,84.0,27.0
28.0,84.0,27.0
28.0,84.0,27.0
28.0,84.0,27.0
28.0,84.0,27.0
28.0,84.0,27.0
28.0,84.0,27.0
28.0,84.0,27.0
28.0,84.0,27.0
28.0,85.0,27.0
28.0,84.0,27.0
28.0,84.0,27.0
28.0,84.0,27.0
